栏目,节目标题,节目链接,媒体数量,爬取时间
曲艺杂技,2014年2月13日坠子元宵专场晚会,http://www.hawh.cn/content/redirect?id=105149116989620709,0,
曲艺杂技,有个城市叫郑州,http://www.hawh.cn/content/redirect?id=105149173549275787,0,
曲艺杂技,吕布戏貂蝉(上),http://www.hawh.cn/content/redirect?id=105147910368678161,0,
曲艺杂技,小黑驴(音频),http://www.hawh.cn/content/redirect?id=105143170448781861,0,
曲艺杂技,吕布戏貂蝉(下),http://www.hawh.cn/content/redirect?id=105149999922703076,0,
曲艺杂技,打金枝片段之二（音频）,http://www.hawh.cn/content/redirect?id=105144433107906949,0,
曲艺杂技,黛玉悲秋,http://www.hawh.cn/content/redirect?id=105144007956466160,0,
曲艺杂技,春妞进城,http://www.hawh.cn/content/redirect?id=105141310593360613,0,
曲艺杂技,红线罗帕,http://www.hawh.cn/content/redirect?id=105146601867149029,0,
曲艺杂技,汨罗悲歌,http://www.hawh.cn/content/redirect?id=105146985808438985,0,
曲艺杂技,清廉石,http://www.hawh.cn/content/redirect?id=105144392327687098,0,
曲艺杂技,晴雯撕扇,http://www.hawh.cn/content/redirect?id=105144773520920466,0,
曲艺杂技,双枪老太婆劫刑车,http://www.hawh.cn/content/redirect?id=105147662338233229,0,
曲艺杂技,苏武牧羊,http://www.hawh.cn/content/redirect?id=105141069370657944,0,
曲艺杂技,玉堂春,http://www.hawh.cn/content/redirect?id=105143372637338631,0,
曲艺杂技,岳母刺字,http://www.hawh.cn/content/redirect?id=105141934828592571,0,
曲艺杂技,岳母刺字.mp3,http://www.hawh.cn/content/redirect?id=105145818229484015,0,
曲艺杂技,摘棉花,http://www.hawh.cn/content/redirect?id=105149524787416720,0,
曲艺杂技,仲秋月,http://www.hawh.cn/content/redirect?id=105149061574519571,0,
曲艺杂技,一片丹心焦裕禄,http://www.hawh.cn/content/redirect?id=105142674998190359,0,
曲艺杂技,《铡美案》选段之二（音频）,http://www.hawh.cn/content/redirect?id=105141167774861905,0,
曲艺杂技,《盘坡》选段之二（音频）,http://www.hawh.cn/content/redirect?id=105149269016330149,0,
曲艺杂技,《祭塔》（音频）,http://www.hawh.cn/content/redirect?id=105149586806013448,0,
曲艺杂技,苍娃我喜洋洋(音频）  ,http://www.hawh.cn/content/redirect?id=105149736987891860,0,
曲艺杂技,《盘坡》选段.mp3,http://www.hawh.cn/content/redirect?id=105149719713121397,0,
曲艺杂技,《铡美案》选段（音频）,http://www.hawh.cn/content/redirect?id=105145648268981175,0,
曲艺杂技,大平调之困河东,http://www.hawh.cn/content/redirect?id=105144956216099632,0,
曲艺杂技,大平调司马茂(下).mp3,http://www.hawh.cn/content/redirect?id=105141352173437956,0,
曲艺杂技,大平调司马茂(上).mp3,http://www.hawh.cn/content/redirect?id=105145740816809547,0,
曲艺杂技,《海瑞搜宫》选段（音频）,http://www.hawh.cn/content/redirect?id=105145986043860669,0,
曲艺杂技,四股弦二进宫（音频）,http://www.hawh.cn/content/redirect?id=105146945537588583,0,
曲艺杂技,四股弦杀四门（音频）,http://www.hawh.cn/content/redirect?id=105144239986379476,0,
曲艺杂技,四股弦表姑娘（音频）,http://www.hawh.cn/content/redirect?id=105149470101934264,0,
曲艺杂技,四股弦访将（音频）,http://www.hawh.cn/content/redirect?id=105143153017540708,0,
曲艺杂技,道情《王金豆借粮》选段一,http://www.hawh.cn/content/redirect?id=105149862961211793,0,
曲艺杂技,道情《王金豆借粮》选段二,http://www.hawh.cn/content/redirect?id=105141598360106112,0,
曲艺杂技,道情《王金豆借粮》选段三,http://www.hawh.cn/content/redirect?id=105146381565830048,0,
曲艺杂技,二夹弦《三拉房》选段,http://www.hawh.cn/content/redirect?id=105145154788472055,0,
曲艺杂技,二夹弦《站花墙》选段,http://www.hawh.cn/content/redirect?id=105147435244178456,0,
曲艺杂技,梁山伯与祝英台,http://www.hawh.cn/content/redirect?id=105142939204807930,0,
曲艺杂技,楼台会,http://www.hawh.cn/content/redirect?id=105144626103565606,0,
曲艺杂技,穷小劝妻,http://www.hawh.cn/content/redirect?id=105145478085307708,0,
曲艺杂技,丑俊配,http://www.hawh.cn/content/redirect?id=105143832127136517,0,
曲艺杂技,四番,http://www.hawh.cn/content/redirect?id=105144322692438518,0,
曲艺杂技,神化引,http://www.hawh.cn/content/redirect?id=105148279227913882,0,
曲艺杂技,关雎,http://www.hawh.cn/content/redirect?id=105144618446856989,0,
曲艺杂技,渔翁调,http://www.hawh.cn/content/redirect?id=105142392718727493,0,
曲艺杂技,关山月,http://www.hawh.cn/content/redirect?id=105144445169309934,0,
曲艺杂技,高山流水,http://www.hawh.cn/content/redirect?id=105143590137238530,0,
曲艺杂技,平沙落雁,http://www.hawh.cn/content/redirect?id=105144698466655160,0,
曲艺杂技,屈原问渡,http://www.hawh.cn/content/redirect?id=105143436355549264,0,
曲艺杂技,余家杂技-手技,http://www.hawh.cn/content/redirect?id=105144279927479748,0,
,莲鹤方壶传奇,http://www.hawh.cn/content/redirect?id=7185929704132579328,0,
,五千年很长吗·双连壶,http://www.hawh.cn/content/redirect?id=7185922566756765696,0,
,石窟寺里的音乐会,http://www.hawh.cn/content/redirect?id=7185915576026402816,0,
国学讲坛,中原国学讲坛-赵知易,http://www.hawh.cn/content/redirect?id=105106585444791469,0,
国学讲坛,中原国学讲坛-程遂营,http://www.hawh.cn/content/redirect?id=105109105797905058,0,
国学讲坛,中原国学讲坛-塔拉,http://www.hawh.cn/content/redirect?id=105108626852646008,0,
国学讲坛,中原国学讲坛-何公洲,http://www.hawh.cn/content/redirect?id=105108622124795586,0,
国学讲坛,中原国学讲坛-田凯,http://www.hawh.cn/content/redirect?id=105106323958053672,0,
国学讲坛,中原国学讲坛-葛剑雄,http://www.hawh.cn/content/redirect?id=105106140338924121,0,
国学讲坛,中原国学讲坛-王巍,http://www.hawh.cn/content/redirect?id=105104926853988399,0,
国学讲坛,中原国学讲坛-张宇,http://www.hawh.cn/content/redirect?id=105104621694933301,0,
国学讲坛,中原国学讲坛-王杰,http://www.hawh.cn/content/redirect?id=105103971982227765,0,
国学讲坛,中原大讲堂—二月河,http://www.hawh.cn/content/redirect?id=105103883955475770,0,
国学讲坛,中原大讲堂—李卫国,http://www.hawh.cn/content/redirect?id=105105837620508569,0,
国学讲坛,中原大讲堂—崔波,http://www.hawh.cn/content/redirect?id=105108927564925245,0,
国学讲坛,儒道相济－－构筑人格两岸-1,http://www.hawh.cn/content/redirect?id=105108677299196512,0,
国学讲坛,儒道相济－－构筑人格两岸-2,http://www.hawh.cn/content/redirect?id=105102732745028882,0,
国学讲坛,儒道相济－－构筑人格两岸-3,http://www.hawh.cn/content/redirect?id=105104776748243570,0,
国学讲坛,儒道相济－－构筑人格两岸-4,http://www.hawh.cn/content/redirect?id=105109910128031133,0,
国学讲坛,方尔加讲座 （下）,http://www.hawh.cn/content/redirect?id=105103657378964868,0,
国学讲坛,方尔加讲座 （上）,http://www.hawh.cn/content/redirect?id=105106745457372856,0,
国学讲坛,阎崇年主讲“明亡清兴六十年”(下),http://www.hawh.cn/content/redirect?id=105101554103651601,0,
国学讲坛,阎崇年主讲“明亡清兴六十年”(上),http://www.hawh.cn/content/redirect?id=105103052798808605,0,
国学讲坛,隋丽娟主讲慈禧——阴持朝柄 垂帘听政 （下）.wmv,http://www.hawh.cn/content/redirect?id=105102494314733316,0,
国学讲坛,隋丽娟主讲慈禧—阴持朝柄 垂帘听政 （上）,http://www.hawh.cn/content/redirect?id=105105340089859086,0,
国学讲坛,读列国国宝 阅两周世象(下),http://www.hawh.cn/content/redirect?id=105108904469249067,0,
国学讲坛,读列国国宝 阅两周世象(上),http://www.hawh.cn/content/redirect?id=105108736500871137,0,
国学讲坛,上蔡郭庄楚墓疑云(下),http://www.hawh.cn/content/redirect?id=105101552694889894,0,
国学讲坛,天下一统的见证(下),http://www.hawh.cn/content/redirect?id=105105276910053974,0,
国学讲坛,天下一统的见证(上),http://www.hawh.cn/content/redirect?id=105103163348778407,0,
国学讲坛,上蔡郭庄楚墓疑云(上),http://www.hawh.cn/content/redirect?id=105106610258863571,0,
国学讲坛,国学讲坛片断-《汉武大帝》,http://www.hawh.cn/content/redirect?id=105109024477045141,0,
国学讲坛,林光常：无毒一身轻,http://www.hawh.cn/content/redirect?id=105103162379255773,0,
专题讲座,考古学与中国文化(下),http://www.hawh.cn/content/redirect?id=105099334600961753,0,
专题讲座,中原考古故事：与甲骨和青铜器相遇的日子.wmv,http://www.hawh.cn/content/redirect?id=105099144178476316,0,
专题讲座,正说“贞观之治”（下）,http://www.hawh.cn/content/redirect?id=105098528407881672,0,
专题讲座,2011河南博物院讲堂视频展播(3),http://www.hawh.cn/content/redirect?id=105098481683602702,0,
专题讲座,北京大学教授叶朗主讲《红楼梦》的美学意韵(2),http://www.hawh.cn/content/redirect?id=105098206554482531,0,
专题讲座,张锴生主讲国宝揭秘,http://www.hawh.cn/content/redirect?id=105097065995401296,0,
专题讲座,北京大学教授叶朗主讲《红楼梦》的美学意韵(3),http://www.hawh.cn/content/redirect?id=105096199480858395,0,
专题讲座,唐际根解读司母戊鼎,http://www.hawh.cn/content/redirect?id=105096126768841678,0,
专题讲座,作家二月河讲座,http://www.hawh.cn/content/redirect?id=105095677842861853,0,
专题讲座,考古学与中国文化(上),http://www.hawh.cn/content/redirect?id=105095538977732597,0,
专题讲座,口述历史之回望郑州3,http://www.hawh.cn/content/redirect?id=105094814804889010,0,
专题讲座,龙之国度 ,http://www.hawh.cn/content/redirect?id=105094663742248498,0,
专题讲座,正说“贞观之治”（上）,http://www.hawh.cn/content/redirect?id=105094548496141692,0,
专题讲座,中原考古故事：与甲骨和青铜器相遇的日子,http://www.hawh.cn/content/redirect?id=105094308833081330,0,
专题讲座,口述历史之回望郑州2,http://www.hawh.cn/content/redirect?id=105093966014877357,0,
专题讲座,口述历史之回望郑州1,http://www.hawh.cn/content/redirect?id=105093689018982774,0,
专题讲座,北京大学教授叶朗主讲《红楼梦》的美学意韵(1),http://www.hawh.cn/content/redirect?id=105093228187471631,0,
专题讲座,许伟解读历代帝王庙,http://www.hawh.cn/content/redirect?id=105092429233181733,0,
专题讲座,中国历史的拐点—从北宋到南宋,http://www.hawh.cn/content/redirect?id=105091230792410834,0,
专题讲座,单霁翔讲故宫,http://www.hawh.cn/content/redirect?id=105094840281760718,0,
专题讲座,打造华夏历史文明重要传承区(5),http://www.hawh.cn/content/redirect?id=105099501639792941,0,
专题讲座,打造华夏历史文明重要传承区(3),http://www.hawh.cn/content/redirect?id=105099190973430669,0,
专题讲座,沈伯俊专题学术讲座,http://www.hawh.cn/content/redirect?id=105098379116355196,0,
专题讲座,郝本性先生专题讲座,http://www.hawh.cn/content/redirect?id=105097767976618427,0,
专题讲座,打造华夏历史文明重要传承区(4),http://www.hawh.cn/content/redirect?id=105097361594216047,0,
专题讲座,梅建军教授讲座,http://www.hawh.cn/content/redirect?id=105095407452764930,0,
专题讲座,打造华夏历史文明重要传承区(2),http://www.hawh.cn/content/redirect?id=105093632673240385,0,
专题讲座,打造华夏历史文明重要传承区(1),http://www.hawh.cn/content/redirect?id=105092481399122513,0,
专题讲座,刘庆柱先生专题讲座,http://www.hawh.cn/content/redirect?id=105091586530518241,0,
专题讲座,弘涛：《中国书魂》,http://www.hawh.cn/content/redirect?id=105098485359918291,0,
专题讲座,2011河南博物院讲堂视频展播(1),http://www.hawh.cn/content/redirect?id=105096974721994350,0,
专题讲座,2011河南博物院讲堂视频展播(2),http://www.hawh.cn/content/redirect?id=105096032637120443,0,
国内经典,上饶集中营,http://www.hawh.cn/content/redirect?id=108093151462626672,0,
国内经典,从奴隶到将军,http://www.hawh.cn/content/redirect?id=108094802286536509,0,
国内经典,突破乌江(上),http://www.hawh.cn/content/redirect?id=108091129760260406,0,
国内经典,突破乌江(下),http://www.hawh.cn/content/redirect?id=108091787340816862,0,
国内经典,古刹钟声(上),http://www.hawh.cn/content/redirect?id=108095523773337201,0,
国内经典,古刹钟声(下),http://www.hawh.cn/content/redirect?id=108097760779127416,0,
国内经典,七天七夜(上),http://www.hawh.cn/content/redirect?id=108098557587671970,0,
国内经典,七天七夜(下),http://www.hawh.cn/content/redirect?id=108095897456881592,0,
国内经典,“独立”大队(上),http://www.hawh.cn/content/redirect?id=108093012938453394,0,
国内经典,“独立”大队(下),http://www.hawh.cn/content/redirect?id=108097154702312423,0,
国内经典,车轮滚滚(上),http://www.hawh.cn/content/redirect?id=108092928970587379,0,
国内经典,车轮滚滚(下),http://www.hawh.cn/content/redirect?id=108093757150803147,0,
国内经典,虎穴追踪（上）,http://www.hawh.cn/content/redirect?id=108091887404461868,0,
国内经典,虎穴追踪（下）,http://www.hawh.cn/content/redirect?id=108091329722222938,0,
国内经典,聂耳(上),http://www.hawh.cn/content/redirect?id=108096505504075389,0,
国内经典,聂耳(下),http://www.hawh.cn/content/redirect?id=108091296341377549,0,
国内经典,刘胡兰(上),http://www.hawh.cn/content/redirect?id=108097072345812582,0,
国内经典,刘胡兰(下),http://www.hawh.cn/content/redirect?id=108091724725666081,0,
国内经典,霓虹灯下的哨兵(2),http://www.hawh.cn/content/redirect?id=108099525348271042,0,
国内经典,霓虹灯下的哨兵(1),http://www.hawh.cn/content/redirect?id=108092855754284339,0,
国内经典,革命家庭(2),http://www.hawh.cn/content/redirect?id=108093177227633813,0,
国内经典,狼牙山五壮士(2),http://www.hawh.cn/content/redirect?id=108097435514430769,0,
国内经典,苦菜花(1),http://www.hawh.cn/content/redirect?id=108095691770826681,0,
国内经典,苦菜花(2),http://www.hawh.cn/content/redirect?id=108097727882135997,0,
国内经典,青春之歌(1),http://www.hawh.cn/content/redirect?id=108094688100095601,0,
国内经典,青春之歌(2),http://www.hawh.cn/content/redirect?id=108097603637169778,0,
国内经典,青春之歌(3),http://www.hawh.cn/content/redirect?id=108096321513611951,0,
国内经典,革命家庭(1),http://www.hawh.cn/content/redirect?id=108097635083209973,0,
国内经典,狼牙山五壮士(1),http://www.hawh.cn/content/redirect?id=108097694654410277,0,
国内经典,大决战-平津战役(1),http://www.hawh.cn/content/redirect?id=108097014273979348,0,
国内经典,大决战-平津战役(2),http://www.hawh.cn/content/redirect?id=108095738115049053,0,
国内经典,大决战-平津战役(3),http://www.hawh.cn/content/redirect?id=108092008177367761,0,
国内经典,大决战-平津战役(4),http://www.hawh.cn/content/redirect?id=108097042945500981,0,
国内经典,大决战-淮海战役(1),http://www.hawh.cn/content/redirect?id=108099215495227188,0,
国内经典,大决战-淮海战役(2),http://www.hawh.cn/content/redirect?id=108095023361209283,0,
国内经典,大决战-淮海战役(3),http://www.hawh.cn/content/redirect?id=108091983315918271,0,
国内经典,大决战-淮海战役(4),http://www.hawh.cn/content/redirect?id=108095833593169924,0,
国内经典,大决战-辽沈战役(4),http://www.hawh.cn/content/redirect?id=108091545765561553,0,
国内经典,大决战-辽沈战役(3),http://www.hawh.cn/content/redirect?id=108094812573292893,0,
国内经典,大决战-辽沈战役(2),http://www.hawh.cn/content/redirect?id=108097051493250382,0,
国内经典,大决战-辽沈战役(1),http://www.hawh.cn/content/redirect?id=108094892496870438,0,
国内经典,子夜(下),http://www.hawh.cn/content/redirect?id=108094258626025837,0,
国内经典,子夜(上),http://www.hawh.cn/content/redirect?id=108096772859427541,0,
国内经典,大浪淘沙(下),http://www.hawh.cn/content/redirect?id=108096520365118948,0,
国内经典,大浪淘沙(上),http://www.hawh.cn/content/redirect?id=108092165722205283,0,
国内经典,黄河绝恋(下),http://www.hawh.cn/content/redirect?id=108091331026198804,0,
国内经典,黄河绝恋(上),http://www.hawh.cn/content/redirect?id=108091307830871046,0,
国内经典,吉鸿昌(下),http://www.hawh.cn/content/redirect?id=108093980300338046,0,
国内经典,吉鸿昌(上),http://www.hawh.cn/content/redirect?id=108096058342013356,0,
国内经典,烈火中永生(下),http://www.hawh.cn/content/redirect?id=108092453275641346,0,
国内经典,烈火中永生(上),http://www.hawh.cn/content/redirect?id=108098936260061137,0,
国内经典,渡江侦察记(下),http://www.hawh.cn/content/redirect?id=108096306538041602,0,
国内经典,渡江侦察记(上),http://www.hawh.cn/content/redirect?id=108093614582776258,0,
国内经典,刑场上的婚礼(下),http://www.hawh.cn/content/redirect?id=108099165715127615,0,
国内经典,刑场上的婚礼(上),http://www.hawh.cn/content/redirect?id=108095333587515505,0,
国内经典,地道战,http://www.hawh.cn/content/redirect?id=108097573689557336,0,
国内经典,秘密图纸,http://www.hawh.cn/content/redirect?id=108092057265805182,0,
国内经典,永不消逝的电波(下),http://www.hawh.cn/content/redirect?id=108096298334774840,0,
国内经典,永不消逝的电波(上),http://www.hawh.cn/content/redirect?id=108094860119646045,0,
国内经典,骆驼祥子（下）,http://www.hawh.cn/content/redirect?id=108099435433422567,0,
国内经典,骆驼祥子（中）,http://www.hawh.cn/content/redirect?id=108099990418646009,0,
国内经典,骆驼祥子（上）,http://www.hawh.cn/content/redirect?id=108098631771432058,0,
国内经典,周君恩来(下),http://www.hawh.cn/content/redirect?id=108096179019114802,0,
国内经典,周君恩来(上),http://www.hawh.cn/content/redirect?id=108094141970545294,0,
国内经典,敌后武工队(4),http://www.hawh.cn/content/redirect?id=108098021202965225,0,
国内经典,敌后武工队(3),http://www.hawh.cn/content/redirect?id=108098026681196918,0,
国内经典,敌后武工队(1),http://www.hawh.cn/content/redirect?id=108091787041496972,0,
国内经典,敌后武工队(2),http://www.hawh.cn/content/redirect?id=108099471559392928,0,
国内经典,小花（下）,http://www.hawh.cn/content/redirect?id=108099770914007532,0,
国内经典,小花（上）,http://www.hawh.cn/content/redirect?id=108091092208851817,0,
国内经典,洪湖赤卫队（下）,http://www.hawh.cn/content/redirect?id=108091526927001441,0,
国内经典,洪湖赤卫队（上）,http://www.hawh.cn/content/redirect?id=108099338195702270,0,
国内经典,毕升(下),http://www.hawh.cn/content/redirect?id=108092343556289352,0,
国内经典,毕升(上),http://www.hawh.cn/content/redirect?id=108097926599771458,0,
国内经典,李四光(下),http://www.hawh.cn/content/redirect?id=108095937626945595,0,
国内经典,李四光(上),http://www.hawh.cn/content/redirect?id=108097948495856762,0,
国内经典,柳堡的故事,http://www.hawh.cn/content/redirect?id=108095835379641181,0,
国内经典,英雄虎胆（下),http://www.hawh.cn/content/redirect?id=108096382636310341,0,
国内经典,英雄虎胆（上）,http://www.hawh.cn/content/redirect?id=108091651701435963,0,
国内经典,阿Q正传（下）,http://www.hawh.cn/content/redirect?id=108091811999187329,0,
国内经典,阿Q正传（上）,http://www.hawh.cn/content/redirect?id=108096031483810697,0,
,神话启幕、特惠畅玩！来银基开启端午奇幻之旅,http://www.hawh.cn/content/redirect?id=7339213036802019328,0,
,习近平的文化足迹丨以和为贵,http://www.hawh.cn/content/redirect?id=7322822667336159232,0,
,河南博物院贺岁MV《蛇全蛇美》精彩唱响,http://www.hawh.cn/content/redirect?id=7288457178212470784,0,
,河南省第十六届戏剧展演14日开幕,http://www.hawh.cn/content/redirect?id=7262287057274277888,0,
,看大片：林州柏尖山的秋天,http://www.hawh.cn/content/redirect?id=7255118775173779456,0,
,第十三届郑州国际少林武术节宣传片发布,http://www.hawh.cn/content/redirect?id=7252858456858693632,0,
,传统与现代辉映 中原文化“奏响”新篇章,http://www.hawh.cn/content/redirect?id=7250396321599721472,0,
,非遗看中国｜国风MV《溢彩时光》,http://www.hawh.cn/content/redirect?id=7245313389386272768,0,
,5000多年前仰韶先民面貌复原,http://www.hawh.cn/content/redirect?id=7244621192353550336,0,
,读懂黄河，读懂中华文明的根与魂,http://www.hawh.cn/content/redirect?id=7242034081792266240,0,
,2024国际博物馆日· 中国主会场活动预告片,http://www.hawh.cn/content/redirect?id=7194610171404881920,0,
,甲辰龙年黄帝故里拜祖大典,http://www.hawh.cn/content/redirect?id=7184114158760103936,0,
,《何以中国》宣传片,http://www.hawh.cn/content/redirect?id=7183389498577784832,0,
,《文物正在讲述何以中国》,http://www.hawh.cn/content/redirect?id=7183385026682163200,0,
,全球文明倡议主题短片《点亮》上线,http://www.hawh.cn/content/redirect?id=7176765662436528128,0,
,人体奥秘（第1集）,http://www.hawh.cn/content/redirect?id=415118005919707266,0,
,人体奥秘（第2集）,http://www.hawh.cn/content/redirect?id=415106333665762899,0,
,人体奥秘（第3集）,http://www.hawh.cn/content/redirect?id=415109699373920809,0,
,人体奥秘（第4集）,http://www.hawh.cn/content/redirect?id=415104651532848351,0,
,寻找外星生命,http://www.hawh.cn/content/redirect?id=415101863790320800,0,
,我是李小龙,http://www.hawh.cn/content/redirect?id=415103409680698743,0,
,时间的风景,http://www.hawh.cn/content/redirect?id=415106864456004240,0,
,黑猩猩,http://www.hawh.cn/content/redirect?id=415103917877750425,0,
,肯尼亚的生命之泉,http://www.hawh.cn/content/redirect?id=415103343737439108,0,
,金色王朝－故宫御用金银器特展开幕式,http://www.hawh.cn/content/redirect?id=415104379822203848,0,
,西天诸神－古印度瑰宝展新闻发布会,http://www.hawh.cn/content/redirect?id=415107912056279610,0,
,西天诸神－古印度瑰宝展精彩花絮,http://www.hawh.cn/content/redirect?id=415108532893477103,0,
,楼兰美女与小河墓地,http://www.hawh.cn/content/redirect?id=415108078697140407,0,
,中新视频-彩绘铜扁壶,http://www.hawh.cn/content/redirect?id=415101877853747530,0,
,龙纹白玉璧,http://www.hawh.cn/content/redirect?id=415102568402410142,0,
,东汉石辟邪,http://www.hawh.cn/content/redirect?id=415107632988852041,0,
,中原古代文明之光,http://www.hawh.cn/content/redirect?id=415109526229456964,0,
,丝绸之路的历史,http://www.hawh.cn/content/redirect?id=415107235665478502,0,
,温暖的记忆,http://www.hawh.cn/content/redirect?id=415102941998119418,0,
,楼兰美女2011年10月20日亮相河南博物院,http://www.hawh.cn/content/redirect?id=415102474230081298,0,
,洛阳博物馆镇馆之宝-东汉石辟邪,http://www.hawh.cn/content/redirect?id=415101774975125969,0,
文化访谈,高峰论坛—黄健铭,http://www.hawh.cn/content/redirect?id=105113930701081895,0,
文化访谈,高峰论坛—李炳奎,http://www.hawh.cn/content/redirect?id=105115474817989457,0,
文化访谈,高峰论坛—李博峰,http://www.hawh.cn/content/redirect?id=105112795901174794,0,
文化访谈,创意论坛·高端访谈,http://www.hawh.cn/content/redirect?id=105112436859396965,0,
文化访谈,创意论坛·李庚香演讲,http://www.hawh.cn/content/redirect?id=105111257528476629,0,
文化访谈,创意论坛·刘世声演讲,http://www.hawh.cn/content/redirect?id=105117525891283357,0,
文化访谈,创意论坛·王伟峰演讲,http://www.hawh.cn/content/redirect?id=105116011771435668,0,
文化访谈,创意论坛·应放天演讲,http://www.hawh.cn/content/redirect?id=105118443493229248,0,
文化访谈,李庚香做客大河网,http://www.hawh.cn/content/redirect?id=105115707396338059,0,
文化访谈,省文物局副局长孙英民做客《政府在线》,http://www.hawh.cn/content/redirect?id=105112173159388441,0,
文化访谈,李庚香谈河南文化建设三十年(上),http://www.hawh.cn/content/redirect?id=105112684210256158,0,
文化访谈,李庚香谈河南文化建设三十年(下),http://www.hawh.cn/content/redirect?id=105111885738923080,0,
文化访谈,创意高峰论坛对话,http://www.hawh.cn/content/redirect?id=105111153202096932,0,
文化访谈,清华鲁晓波教授,http://www.hawh.cn/content/redirect?id=105114040793522187,0,
文化访谈,郭全生副教授,http://www.hawh.cn/content/redirect?id=105111960981303294,0,
文化访谈,郑泰森研究员,http://www.hawh.cn/content/redirect?id=105112757299064523,0,
文化访谈,潘明歌副教授,http://www.hawh.cn/content/redirect?id=105119672982325080,0,
文化访谈,冯家敏设计师,http://www.hawh.cn/content/redirect?id=105115407010909437,0,
文化访谈,陈爱兰局长访谈,http://www.hawh.cn/content/redirect?id=105114593384898248,0,
文化访谈,陈爱兰局长做客《领导访谈》,http://www.hawh.cn/content/redirect?id=105114895956138543,0,
文化访谈,河南博物院副研究员王景荃访谈,http://www.hawh.cn/content/redirect?id=105119449998425897,0,
文化访谈,河南博物院副书记丁福利访谈,http://www.hawh.cn/content/redirect?id=105119201792323415,0,
文化访谈,齐东方教授访谈,http://www.hawh.cn/content/redirect?id=105114306527364728,0,
文化访谈,张体义记者访谈,http://www.hawh.cn/content/redirect?id=105113948494521989,0,
文化访谈,刘庆柱先生访谈,http://www.hawh.cn/content/redirect?id=105114024917622805,0,
,钧窑月白釉花瓣碗,http://www.hawh.cn/content/redirect?id=415125687170753778,0,
,乳钉纹陶鼎,http://www.hawh.cn/content/redirect?id=415123165753095075,0,
,镂空铜俎,http://www.hawh.cn/content/redirect?id=415122222454796584,0,
,三彩鸭形壶,http://www.hawh.cn/content/redirect?id=415121846665028935,0,
,白釉绿彩长颈瓶,http://www.hawh.cn/content/redirect?id=415128610926223893,0,
,白玉舞人佩,http://www.hawh.cn/content/redirect?id=415125907413892183,0,
,青花玉壶春瓶,http://www.hawh.cn/content/redirect?id=415127688725961127,0,
,汝窑天青釉盘托,http://www.hawh.cn/content/redirect?id=415128546916178956,0,
,三牺铜尊,http://www.hawh.cn/content/redirect?id=415129863269622067,0,
,钧窑月白釉花瓣洗,http://www.hawh.cn/content/redirect?id=415129656181476933,0,
,夔纹铜鬲,http://www.hawh.cn/content/redirect?id=415121268805233896,0,
,人祖纹红陶缸,http://www.hawh.cn/content/redirect?id=415125863658264551,0,
,兽面纹铜爵,http://www.hawh.cn/content/redirect?id=415125899361214626,0,
,涡纹中柱盂,http://www.hawh.cn/content/redirect?id=415125441790687150,0,
,青釉刻花六系罐,http://www.hawh.cn/content/redirect?id=415126556206455888,0,
,六搏俑,http://www.hawh.cn/content/redirect?id=415129876096967623,0,
,人面镇墓兽,http://www.hawh.cn/content/redirect?id=415129431546197871,0,
,倒立俑,http://www.hawh.cn/content/redirect?id=415127164323910596,0,
,拉马胡俑,http://www.hawh.cn/content/redirect?id=415124811498853509,0,
非遗展演,从平凡出发……,http://www.hawh.cn/content/redirect?id=105166893394677012,0,
非遗展演,金属捶锻工艺（嵩阳宝剑锻造技艺）,http://www.hawh.cn/content/redirect?id=105164907509066839,0,
非遗展演,金属捶锻工艺（洛阳铲锻造技艺）-孙凯强,http://www.hawh.cn/content/redirect?id=105168501416788551,0,
非遗展演,汝瓷烧制技艺-马聚奎,http://www.hawh.cn/content/redirect?id=105167050538974835,0,
非遗展演,白马寺金银器制作技艺-王亚强,http://www.hawh.cn/content/redirect?id=105165981674950877,0,
非遗展演,曲剧-马骐,http://www.hawh.cn/content/redirect?id=105169482283466202,0,
非遗展演,蔡记蒸饺-蔡武顺,http://www.hawh.cn/content/redirect?id=105163377853998300,0,
非遗展演,朱仙镇木版年画国家级代表性传承人—郭泰运,http://www.hawh.cn/content/redirect?id=105166553504587396,0,
非遗展演,唐三彩烧制技艺—高水旺、高顺旺,http://www.hawh.cn/content/redirect?id=105165467811074945,0,
非遗展演,撂石锁国家级代表性传承人—沈少三,http://www.hawh.cn/content/redirect?id=105164352587277802,0,
非遗展演,金属捶锻工艺-王书品,http://www.hawh.cn/content/redirect?id=105166353487145512,0,
非遗展演,清化传统竹扇制作技艺-刘栋梁,http://www.hawh.cn/content/redirect?id=105163850764484088,0,
非遗展演,板胡制作技艺-鲁瑞广,http://www.hawh.cn/content/redirect?id=105164720656465531,0,
非遗展演,古琴斫制技艺-孙海明,http://www.hawh.cn/content/redirect?id=105162396286871802,0,
非遗展演,高浮雕传拓技艺-李仁清,http://www.hawh.cn/content/redirect?id=105167329494239089,0,
非遗展演,登封窑烧制技艺-李景洲,http://www.hawh.cn/content/redirect?id=105161005971846067,0,
非遗展演,非遗河南掠影,http://www.hawh.cn/content/redirect?id=105169505817199655,0,
非遗展演,舍巴乐,http://www.hawh.cn/content/redirect?id=105166752945603269,0,
非遗展演,花鼓闹春,http://www.hawh.cn/content/redirect?id=105166982293330345,0,
非遗展演,沧州狮舞(1),http://www.hawh.cn/content/redirect?id=105162044840725540,0,
非遗展演,沧州狮舞(2),http://www.hawh.cn/content/redirect?id=105169703239771844,0,
非遗展演,开封盘鼓,http://www.hawh.cn/content/redirect?id=105168295317811234,0,
非遗展演,河南（淮阳）非物质文化展演纪实,http://www.hawh.cn/content/redirect?id=105166478474618478,0,
非遗展演,花房姑娘（上）,http://www.hawh.cn/content/redirect?id=105167001608206746,0,
非遗展演,花房姑娘（下）,http://www.hawh.cn/content/redirect?id=105168759754871054,0,
非遗展演,天之骄子（下）,http://www.hawh.cn/content/redirect?id=105162679508992111,0,
非遗展演,天之骄子（上）,http://www.hawh.cn/content/redirect?id=105164071911958640,0,
非遗展演,浮士德（下）,http://www.hawh.cn/content/redirect?id=105164081283254765,0,
非遗展演,浮士德（上）,http://www.hawh.cn/content/redirect?id=105165805645002305,0,
外国电影,一个明星的诞生,http://www.hawh.cn/content/redirect?id=108107381800995601,0,
外国电影,国防大机密,http://www.hawh.cn/content/redirect?id=108109969303862406,0,
外国电影,乱世佳人,http://www.hawh.cn/content/redirect?id=108106675949804320,0,
外国电影,罗密欧与朱丽叶,http://www.hawh.cn/content/redirect?id=108106678203013687,0,
外国电影,巴黎圣母院,http://www.hawh.cn/content/redirect?id=108107945405650982,0,
外国电影,傲慢与偏见,http://www.hawh.cn/content/redirect?id=108102464597421893,0,
外国电影,六福客栈,http://www.hawh.cn/content/redirect?id=108106792199567017,0,
外国电影,火车谋杀案,http://www.hawh.cn/content/redirect?id=108107592187303288,0,
外国电影,马蒂,http://www.hawh.cn/content/redirect?id=108106887327999525,0,
外国电影,搜索者,http://www.hawh.cn/content/redirect?id=108102924201909810,0,
外国电影,偷渡者,http://www.hawh.cn/content/redirect?id=108108226498263189,0,
外国电影,威莉温基,http://www.hawh.cn/content/redirect?id=108105312062675391,0,
外国电影,心声泪影,http://www.hawh.cn/content/redirect?id=108107083734572412,0,
外国电影,我们的小姑娘,http://www.hawh.cn/content/redirect?id=108106030917381335,0,
外国电影,寒夜琴挑,http://www.hawh.cn/content/redirect?id=108107584461875913,0,
外国电影,相逢圣路易,http://www.hawh.cn/content/redirect?id=108106746876555465,0,
外国电影,上帝的宠儿(下),http://www.hawh.cn/content/redirect?id=108104013294214338,0,
外国电影,上帝的宠儿(上),http://www.hawh.cn/content/redirect?id=108103384082925326,0,
外国电影,小公主,http://www.hawh.cn/content/redirect?id=108107861343828496,0,
外国电影,卖花女,http://www.hawh.cn/content/redirect?id=108101696646759329,0,
外国电影,百万美元美人鱼,http://www.hawh.cn/content/redirect?id=108102770379449443,0,
外国电影,翠堤春晓,http://www.hawh.cn/content/redirect?id=108109382563177274,0,
外国电影,青山翠谷,http://www.hawh.cn/content/redirect?id=108108501372856359,0,
外国电影,鸳梦重温,http://www.hawh.cn/content/redirect?id=108102239224218209,0,
戏曲精粹,天仙配,http://www.hawh.cn/content/redirect?id=105157195816098041,0,
戏曲精粹,穆桂英挂帅-豫剧,http://www.hawh.cn/content/redirect?id=105151349450348183,0,
戏曲精粹,霸王别姬_京剧,http://www.hawh.cn/content/redirect?id=105159827349819805,0,
戏曲精粹,四郎探母-京剧唱段,http://www.hawh.cn/content/redirect?id=105152099060762555,0,
戏曲精粹,惊蛰,http://www.hawh.cn/content/redirect?id=105153970576333303,0,
戏曲精粹,白扇计_1,http://www.hawh.cn/content/redirect?id=105156948337867747,0,
戏曲精粹,白扇计_2,http://www.hawh.cn/content/redirect?id=105155952516016655,0,
戏曲精粹,白扇计_3,http://www.hawh.cn/content/redirect?id=105154106672221500,0,
戏曲精粹,贵妃醉酒,http://www.hawh.cn/content/redirect?id=105152830986971251,0,
戏曲精粹,盘妻索妻_1,http://www.hawh.cn/content/redirect?id=105153913616932042,0,
戏曲精粹,盘妻索妻_2,http://www.hawh.cn/content/redirect?id=105158825962605544,0,
戏曲精粹,盘妻索妻_3,http://www.hawh.cn/content/redirect?id=105158093465908985,0,
戏曲精粹,文成公主,http://www.hawh.cn/content/redirect?id=105157199010223849,0,
戏曲精粹,薛刚打朝,http://www.hawh.cn/content/redirect?id=105156125885856651,0,
戏曲精粹,天仙配,http://www.hawh.cn/content/redirect?id=105152904634616098,0,
戏曲精粹,打金枝(1),http://www.hawh.cn/content/redirect?id=105156694503878687,0,
戏曲精粹,打金枝(2),http://www.hawh.cn/content/redirect?id=105159362608719672,0,
戏曲精粹,小包公(下),http://www.hawh.cn/content/redirect?id=105159182646236225,0,
戏曲精粹,小包公(上),http://www.hawh.cn/content/redirect?id=105156203124420868,0,
戏曲精粹,铡刀下的红梅（下）,http://www.hawh.cn/content/redirect?id=105152908249527742,0,
戏曲精粹,铡刀下的红梅 （上）,http://www.hawh.cn/content/redirect?id=105156008239540728,0,
戏曲精粹,大祭桩 4,http://www.hawh.cn/content/redirect?id=105153174862547472,0,
戏曲精粹,大祭桩 3,http://www.hawh.cn/content/redirect?id=105156862688316616,0,
戏曲精粹,大祭桩 2,http://www.hawh.cn/content/redirect?id=105157022838164475,0,
戏曲精粹,大祭桩 1,http://www.hawh.cn/content/redirect?id=105158902380268631,0,
戏曲精粹,山村母亲 ,http://www.hawh.cn/content/redirect?id=105151203546452296,0,
戏曲精粹,颖河人家,http://www.hawh.cn/content/redirect?id=105154097071931563,0,
戏曲精粹,红河绿柳 （上）,http://www.hawh.cn/content/redirect?id=105155695223437372,0,
戏曲精粹,红河绿柳（下）,http://www.hawh.cn/content/redirect?id=105153215552413954,0,
戏曲精粹,追鱼,http://www.hawh.cn/content/redirect?id=105159031712985869,0,
戏曲精粹,张娘娘传奇,http://www.hawh.cn/content/redirect?id=105152682353557469,0,
戏曲精粹,爱河滔滔,http://www.hawh.cn/content/redirect?id=105151769874873739,0,
戏曲精粹,秦香莲后传,http://www.hawh.cn/content/redirect?id=105159129908885495,0,
戏曲精粹,杨三姐告状,http://www.hawh.cn/content/redirect?id=105154090429007545,0,
戏曲精粹,杨六郎招亲 ,http://www.hawh.cn/content/redirect?id=105158740357993039,0,
戏曲精粹,破镜重圆,http://www.hawh.cn/content/redirect?id=105158988974264733,0,
戏曲精粹,四姐下凡,http://www.hawh.cn/content/redirect?id=105158731673171482,0,
戏曲精粹,八珍汤,http://www.hawh.cn/content/redirect?id=105158328133588589,0,
戏曲精粹,《五福临门》一声哭出我满腔恨冤,http://www.hawh.cn/content/redirect?id=105157046952960611,0,
戏曲精粹,《五福临门》饲料盆手中拿,http://www.hawh.cn/content/redirect?id=105152687624020302,0,
戏曲精粹,《卷席筒续集》小仓娃我生来灾星重,http://www.hawh.cn/content/redirect?id=105155716972015381,0,
戏曲精粹,《卷席筒续》找兄嫂我不顾路途远,http://www.hawh.cn/content/redirect?id=105159892045945971,0,
戏曲精粹,《卷席筒续集》为人要把良心来讲,http://www.hawh.cn/content/redirect?id=105155646984672965,0,
戏曲精粹,《陈三两》为陈奎我操碎一片心肠,http://www.hawh.cn/content/redirect?id=105155198527550896,0,
戏曲精粹,《陈三两》自由儿随爹爹苦读文章,http://www.hawh.cn/content/redirect?id=105154309647531451,0,
戏曲精粹,《陈三两》陈三两迈步上公庭,http://www.hawh.cn/content/redirect?id=105153780089594387,0,
戏曲精粹,《陈三两》陈奎好比一只虎,http://www.hawh.cn/content/redirect?id=105158493436012230,0,
戏曲精粹,村官李天成_1,http://www.hawh.cn/content/redirect?id=105158148691024572,0,
戏曲精粹,村官李天成_2,http://www.hawh.cn/content/redirect?id=105153306182682141,0,
戏曲精粹,村官李天成_3,http://www.hawh.cn/content/redirect?id=105156869485311840,0,
戏曲精粹,村官李天成_4,http://www.hawh.cn/content/redirect?id=105158594529631364,0,
戏曲精粹,香魂女_上,http://www.hawh.cn/content/redirect?id=105151298551262319,0,
戏曲精粹,香魂女_下,http://www.hawh.cn/content/redirect?id=105151837711786758,0,
戏曲精粹,红果红了_2,http://www.hawh.cn/content/redirect?id=105159082004309449,0,
戏曲精粹,红果红了_1,http://www.hawh.cn/content/redirect?id=105152674311777503,0,
戏曲精粹,红果红了_3,http://www.hawh.cn/content/redirect?id=105159935430832331,0,
戏曲精粹,婚姻大事02.WMV,http://www.hawh.cn/content/redirect?id=105159661678168997,0,
戏曲精粹,包公误01.wmv,http://www.hawh.cn/content/redirect?id=105153728498958553,0,
戏曲精粹,包公误02.wmv,http://www.hawh.cn/content/redirect?id=105155921710454850,0,
戏曲精粹,宝莲灯01.wmv,http://www.hawh.cn/content/redirect?id=105155804823240618,0,
佳片共享,国庆十点钟(上),http://www.hawh.cn/content/redirect?id=108113513435645360,0,
佳片共享,国庆十点钟(下),http://www.hawh.cn/content/redirect?id=108114692909949563,0,
佳片共享,南昌起义,http://www.hawh.cn/content/redirect?id=108113739518559757,0,
佳片共享,红孩子（下）.,http://www.hawh.cn/content/redirect?id=108116473937688949,0,
佳片共享,红孩子（上）,http://www.hawh.cn/content/redirect?id=108113088178161378,0,
佳片共享,羊城暗哨(下),http://www.hawh.cn/content/redirect?id=108111713073817771,0,
佳片共享,羊城暗哨(上）,http://www.hawh.cn/content/redirect?id=108119796949345806,0,
佳片共享,啊！摇篮（下）,http://www.hawh.cn/content/redirect?id=108111408817147560,0,
佳片共享,啊！摇篮（上）,http://www.hawh.cn/content/redirect?id=108116052446632714,0,
佳片共享,两个小八路(下),http://www.hawh.cn/content/redirect?id=108116728337047293,0,
佳片共享,两个小八路(上),http://www.hawh.cn/content/redirect?id=108116940148775670,0,
